<?xml version="1.0" encoding="utf-8" ?><dwsync><file name="weathericons-regular-webfont.eot" server="Mac HD/Applications/MAMP/htdocs/senelec/" local="3556677046" remote="3556677046" Dst="-1" /><file name="weathericons-regular-webfont.woff2" server="Mac HD/Applications/MAMP/htdocs/senelec/" local="3556677046" remote="3556677046" Dst="-1" /><file name="weathericons-regular-webfont.woff" server="Mac HD/Applications/MAMP/htdocs/senelec/" local="3556677046" remote="3556677046" Dst="-1" /><file name="weathericons-regular-webfont.ttf" server="Mac HD/Applications/MAMP/htdocs/senelec/" local="3556677046" remote="3556677046" Dst="-1" /><file name="weathericons-regular-webfont.eot" server="Mac HD/Applications/MAMP/htdocs/sunusva" local="3556677046" remote="3556677046" Dst="-1" /><file name="weathericons-regular-webfont.woff2" server="Mac HD/Applications/MAMP/htdocs/sunusva" local="3556677046" remote="3556677046" Dst="-1" /><file name="weathericons-regular-webfont.woff" server="Mac HD/Applications/MAMP/htdocs/sunusva" local="3556677046" remote="3556677046" Dst="-1" /><file name="weathericons-regular-webfont.ttf" server="Mac HD/Applications/MAMP/htdocs/sunusva" local="3556677046" remote="3556677046" Dst="-1" /></dwsync>