<?xml version="1.0" encoding="utf-8" ?><dwsync><file name="glyphicons-halflings-regular.eot" server="Mac HD/Applications/MAMP/htdocs/senelec/" local="3556677016" remote="3556677016" Dst="-1" /><file name="glyphicons-halflings-regular.woff2" server="Mac HD/Applications/MAMP/htdocs/senelec/" local="3556677016" remote="3556677016" Dst="-1" /><file name="glyphicons-halflings-regular.woff" server="Mac HD/Applications/MAMP/htdocs/senelec/" local="3556677016" remote="3556677016" Dst="-1" /><file name="glyphicons-halflings-regular.ttf" server="Mac HD/Applications/MAMP/htdocs/senelec/" local="3556677016" remote="3556677016" Dst="-1" /><file name="glyphicons-halflings-regular.eot" server="Mac HD/Applications/MAMP/htdocs/sunusva" local="3556677016" remote="3556677016" Dst="-1" /><file name="glyphicons-halflings-regular.woff2" server="Mac HD/Applications/MAMP/htdocs/sunusva" local="3556677016" remote="3556677016" Dst="-1" /><file name="glyphicons-halflings-regular.woff" server="Mac HD/Applications/MAMP/htdocs/sunusva" local="3556677016" remote="3556677016" Dst="-1" /><file name="glyphicons-halflings-regular.ttf" server="Mac HD/Applications/MAMP/htdocs/sunusva" local="3556677016" remote="3556677016" Dst="-1" /></dwsync>