<?xml version="1.0" encoding="utf-8" ?><dwsync><file name="variables-day.css" server="Mac HD/Applications/MAMP/htdocs/sunusva" local="3618309230" remote="3618309230" Dst="-1" /><file name="variables-direction.css" server="Mac HD/Applications/MAMP/htdocs/sunusva" local="3618309230" remote="3618309230" Dst="-1" /><file name="variables-beaufort.css" server="Mac HD/Applications/MAMP/htdocs/sunusva" local="3618309230" remote="3618309230" Dst="-1" /><file name="variables-night.css" server="Mac HD/Applications/MAMP/htdocs/sunusva" local="3618309231" remote="3618309231" Dst="-1" /><file name="variables-misc.css" server="Mac HD/Applications/MAMP/htdocs/sunusva" local="3618309230" remote="3618309230" Dst="-1" /><file name="variables-neutral.css" server="Mac HD/Applications/MAMP/htdocs/sunusva" local="3618309231" remote="3618309231" Dst="-1" /><file name="variables-wind-names.css" server="Mac HD/Applications/MAMP/htdocs/sunusva" local="3618309231" remote="3618309231" Dst="-1" /><file name="variables-moon.css" server="Mac HD/Applications/MAMP/htdocs/sunusva" local="3618309231" remote="3618309231" Dst="-1" /><file name="variables-time.css" server="Mac HD/Applications/MAMP/htdocs/sunusva" local="3618309231" remote="3618309231" Dst="-1" /></dwsync>