<?xml version="1.0" encoding="utf-8" ?><dwsync><file name="linea-arrows-10.eot" server="Mac HD/Applications/MAMP/htdocs/senelec/" local="3556677042" remote="3556677042" Dst="-1" /><file name="linea-arrows-10.woff" server="Mac HD/Applications/MAMP/htdocs/senelec/" local="3556677042" remote="3556677042" Dst="-1" /><file name="linea-arrows-10.ttf" server="Mac HD/Applications/MAMP/htdocs/senelec/" local="3556677042" remote="3556677042" Dst="-1" /><file name="linea-basic-10.eot" server="Mac HD/Applications/MAMP/htdocs/senelec/" local="3556677042" remote="3556677042" Dst="-1" /><file name="linea-basic-10.woff" server="Mac HD/Applications/MAMP/htdocs/senelec/" local="3556677042" remote="3556677042" Dst="-1" /><file name="linea-basic-10.ttf" server="Mac HD/Applications/MAMP/htdocs/senelec/" local="3556677042" remote="3556677042" Dst="-1" /><file name="linea-basic-elaboration-10.eot" server="Mac HD/Applications/MAMP/htdocs/senelec/" local="3556677042" remote="3556677042" Dst="-1" /><file name="linea-basic-elaboration-10.woff" server="Mac HD/Applications/MAMP/htdocs/senelec/" local="3556677042" remote="3556677042" Dst="-1" /><file name="linea-basic-elaboration-10.ttf" server="Mac HD/Applications/MAMP/htdocs/senelec/" local="3556677042" remote="3556677042" Dst="-1" /><file name="linea-ecommerce-10.eot" server="Mac HD/Applications/MAMP/htdocs/senelec/" local="3556677040" remote="3556677040" Dst="-1" /><file name="linea-ecommerce-10.woff" server="Mac HD/Applications/MAMP/htdocs/senelec/" local="3556677040" remote="3556677040" Dst="-1" /><file name="linea-ecommerce-10.ttf" server="Mac HD/Applications/MAMP/htdocs/senelec/" local="3556677040" remote="3556677040" Dst="-1" /><file name="linea-music-10.eot" server="Mac HD/Applications/MAMP/htdocs/senelec/" local="3556677040" remote="3556677040" Dst="-1" /><file name="linea-music-10.woff" server="Mac HD/Applications/MAMP/htdocs/senelec/" local="3556677040" remote="3556677040" Dst="-1" /><file name="linea-music-10.ttf" server="Mac HD/Applications/MAMP/htdocs/senelec/" local="3556677040" remote="3556677040" Dst="-1" /><file name="linea-software-10.eot" server="Mac HD/Applications/MAMP/htdocs/senelec/" local="3556677040" remote="3556677040" Dst="-1" /><file name="linea-software-10.woff" server="Mac HD/Applications/MAMP/htdocs/senelec/" local="3556677040" remote="3556677040" Dst="-1" /><file name="linea-software-10.ttf" server="Mac HD/Applications/MAMP/htdocs/senelec/" local="3556677040" remote="3556677040" Dst="-1" /><file name="linea-weather-10.eot" server="Mac HD/Applications/MAMP/htdocs/senelec/" local="3556677040" remote="3556677040" Dst="-1" /><file name="linea-weather-10.woff" server="Mac HD/Applications/MAMP/htdocs/senelec/" local="3556677040" remote="3556677040" Dst="-1" /><file name="linea-weather-10.ttf" server="Mac HD/Applications/MAMP/htdocs/senelec/" local="3556677040" remote="3556677040" Dst="-1" /><file name="linea-arrows-10.eot" server="Mac HD/Applications/MAMP/htdocs/sunusva" local="3556677042" remote="3556677042" Dst="-1" /><file name="linea-arrows-10.woff" server="Mac HD/Applications/MAMP/htdocs/sunusva" local="3556677042" remote="3556677042" Dst="-1" /><file name="linea-arrows-10.ttf" server="Mac HD/Applications/MAMP/htdocs/sunusva" local="3556677042" remote="3556677042" Dst="-1" /><file name="linea-basic-10.eot" server="Mac HD/Applications/MAMP/htdocs/sunusva" local="3556677042" remote="3556677042" Dst="-1" /><file name="linea-basic-10.woff" server="Mac HD/Applications/MAMP/htdocs/sunusva" local="3556677042" remote="3556677042" Dst="-1" /><file name="linea-basic-10.ttf" server="Mac HD/Applications/MAMP/htdocs/sunusva" local="3556677042" remote="3556677042" Dst="-1" /><file name="linea-basic-elaboration-10.eot" server="Mac HD/Applications/MAMP/htdocs/sunusva" local="3556677042" remote="3556677042" Dst="-1" /><file name="linea-basic-elaboration-10.woff" server="Mac HD/Applications/MAMP/htdocs/sunusva" local="3556677042" remote="3556677042" Dst="-1" /><file name="linea-basic-elaboration-10.ttf" server="Mac HD/Applications/MAMP/htdocs/sunusva" local="3556677042" remote="3556677042" Dst="-1" /><file name="linea-ecommerce-10.eot" server="Mac HD/Applications/MAMP/htdocs/sunusva" local="3556677040" remote="3556677040" Dst="-1" /><file name="linea-ecommerce-10.woff" server="Mac HD/Applications/MAMP/htdocs/sunusva" local="3556677040" remote="3556677040" Dst="-1" /><file name="linea-ecommerce-10.ttf" server="Mac HD/Applications/MAMP/htdocs/sunusva" local="3556677040" remote="3556677040" Dst="-1" /><file name="linea-music-10.eot" server="Mac HD/Applications/MAMP/htdocs/sunusva" local="3556677040" remote="3556677040" Dst="-1" /><file name="linea-music-10.woff" server="Mac HD/Applications/MAMP/htdocs/sunusva" local="3556677040" remote="3556677040" Dst="-1" /><file name="linea-music-10.ttf" server="Mac HD/Applications/MAMP/htdocs/sunusva" local="3556677040" remote="3556677040" Dst="-1" /><file name="linea-software-10.eot" server="Mac HD/Applications/MAMP/htdocs/sunusva" local="3556677040" remote="3556677040" Dst="-1" /><file name="linea-software-10.woff" server="Mac HD/Applications/MAMP/htdocs/sunusva" local="3556677040" remote="3556677040" Dst="-1" /><file name="linea-software-10.ttf" server="Mac HD/Applications/MAMP/htdocs/sunusva" local="3556677040" remote="3556677040" Dst="-1" /><file name="linea-weather-10.eot" server="Mac HD/Applications/MAMP/htdocs/sunusva" local="3556677040" remote="3556677040" Dst="-1" /><file name="linea-weather-10.woff" server="Mac HD/Applications/MAMP/htdocs/sunusva" local="3556677040" remote="3556677040" Dst="-1" /><file name="linea-weather-10.ttf" server="Mac HD/Applications/MAMP/htdocs/sunusva" local="3556677040" remote="3556677040" Dst="-1" /></dwsync>