<?xml version="1.0" encoding="utf-8" ?><dwsync><file name="JulaMarchandSend.php" server="www.numherit-labs.com/rdv2.0/" local="3451288554" remote="318763443844192272" Dst="-1" /><file name="JulaConf.php" server="Disque Dur/Applications/MAMP/htdocs/rdv/" local="3451287356" remote="318763443844183868" Dst="-1" /><file name="JulaMarchand.php" server="Disque Dur/Applications/MAMP/htdocs/rdv/" local="3451287375" remote="318763443844183887" Dst="-1" /><file name="JulaMarchandKey.php" server="Disque Dur/Applications/MAMP/htdocs/rdv/" local="3451287363" remote="318763443844183875" Dst="-1" /><file name="JulaMarchandReceive.php" server="Disque Dur/Applications/MAMP/htdocs/rdv/" local="3451287367" remote="318763443844183879" Dst="-1" /><file name="JulaMarchandSend.php" server="Disque Dur/Applications/MAMP/htdocs/rdv/" local="3451288554" remote="318763443844185066" Dst="-1" /><file name="JulaUtils.php" server="Disque Dur/Applications/MAMP/htdocs/rdv/" local="3451287373" remote="318763443844183885" Dst="-1" /><file name="sha1lib.class.inc.php" server="Disque Dur/Applications/MAMP/htdocs/rdv/" local="3451287377" remote="318763443844183889" Dst="-1" /><file name="JulaMarchandSend.php" server="www.numherit-labs.com//web/" local="3544518904" remote="318763443937431672" Dst="-1" /></dwsync>