<?xml version="1.0" encoding="utf-8" ?><dwsync><file name=".DS_Store" server="www.sunucloud.com/ecole/" local="3437110160" remote="318763443829712832" Dst="-1" /><file name="bg_accueil.jpg" server="www.sunucloud.com/ecole/" local="3437110162" remote="318763443829702392" Dst="-1" /><file name="bg_page.jpg" server="www.sunucloud.com/ecole/" local="3437110163" remote="318763443829702392" Dst="-1" /><file name="bg_form_connex.png" server="www.sunucloud.com/ecole/" local="3437110163" remote="318763443829702392" Dst="-1" /><file name="bt_accueil.png" server="www.sunucloud.com/ecole/" local="3437110164" remote="318763443829702392" Dst="-1" /><file name="bg_logo.png" server="www.sunucloud.com/ecole/" local="3437110163" remote="318763443829702392" Dst="-1" /><file name="bt_connexion.png" server="www.sunucloud.com/ecole/" local="3437110165" remote="318763443829702452" Dst="-1" /><file name="bt_emploi_du_temps.png" server="www.sunucloud.com/ecole/" local="3437110165" remote="318763443829702452" Dst="-1" /><file name="bt_equipement.png" server="www.sunucloud.com/ecole/" local="3437110165" remote="318763443829702452" Dst="-1" /><file name="bt_evaluation.png" server="www.sunucloud.com/ecole/" local="3437110166" remote="318763443829702452" Dst="-1" /><file name="bt_ged.png" server="www.sunucloud.com/ecole/" local="3437110166" remote="318763443829702452" Dst="-1" /><file name="bt_messagerie.png" server="www.sunucloud.com/ecole/" local="3437110167" remote="318763443829702452" Dst="-1" /><file name="bt_sanction.png" server="www.sunucloud.com/ecole/" local="3437110167" remote="318763443829702452" Dst="-1" /><file name="bt_tiers.png" server="www.sunucloud.com/ecole/" local="3437110168" remote="318763443829702452" Dst="-1" /><file name="bt_tresorerie.png" server="www.sunucloud.com/ecole/" local="3437110169" remote="318763443829702452" Dst="-1" /><file name="copyright.png" server="www.sunucloud.com/ecole/" local="3437110169" remote="318763443829702452" Dst="-1" /><file name="petit_logo_sunuecole.png" server="www.sunucloud.com/ecole/" local="3437110172" remote="318763443829702452" Dst="-1" /><file name="bt_search.png" server="www.sunucloud.com/ecole/" local="3437110168" remote="318763443829778892" Dst="-1" /><file name="ico_deconnecter.png" server="www.sunucloud.com/ecole/" local="3437110171" remote="318763443829778832" Dst="-1" /><file name="tit_parametres.png" server="www.sunucloud.com/ecole/" local="3437110175" remote="318763443829761612" Dst="-1" /><file name="puce.jpg" server="www.sunucloud.com/ecole/" local="3437110171" remote="318763443829761612" Dst="-1" /><file name="footer_menu.png" server="www.sunucloud.com/ecole/" local="3437110171" remote="318763443829779972" Dst="-1" /><file name="bg_menu_gauche.jpg" server="www.sunucloud.com/ecole/" local="3437110162" remote="318763443829765452" Dst="-1" /><file name="tit_tiers.png" server="www.sunucloud.com/ecole/" local="3437110177" remote="318763443829775472" Dst="-1" /><file name="tit_tresorerie.png" server="www.sunucloud.com/ecole/" local="3437110177" remote="318763443829775952" Dst="-1" /><file name="tit_emlpoietemps.png" server="www.sunucloud.com/ecole/" local="3437110173" remote="318763443829776372" Dst="-1" /><file name="tit_ged.png" server="www.sunucloud.com/ecole/" local="3437110175" remote="318763443829776732" Dst="-1" /><file name="b_drop.png" server="www.sunucloud.com/ecole/" local="3437110161" remote="318763443829791492" Dst="-1" /><file name="b_edit.png" server="www.sunucloud.com/ecole/" local="3437110162" remote="318763443829791492" Dst="-1" /><file name="btn_new.png" server="www.sunucloud.com/ecole/" local="3437110169" remote="318763443829789692" Dst="-1" /><file name="im_lign.jpg" server="www.sunucloud.com/ecole/" local="3437110170" remote="318763443829786932" Dst="-1" /><file name="puce_tableau.png" server="www.sunucloud.com/ecole/" local="3437110172" remote="318763443829788792" Dst="-1" /><file name="tit_equipement.png" server="www.sunucloud.com/ecole/" local="3437110173" remote="318763443829780992" Dst="-1" /><file name="tit_evaluation.png" server="www.sunucloud.com/ecole/" local="3437110174" remote="318763443829779972" Dst="-1" /><file name="tit_messagerie.png" server="www.sunucloud.com/ecole/" local="3437110175" remote="318763443829781712" Dst="-1" /><file name="tit_sanction.png" server="www.sunucloud.com/ecole/" local="3437110176" remote="318763443829781532" Dst="-1" /><file name="titl_Entet_Tablo.jpg" server="www.sunucloud.com/ecole/" local="3437118369" remote="318763443830019792" Dst="-1" /></dwsync>