<?xml version="1.0" encoding="utf-8" ?><dwsync><file name="red-dark.css" server="Mac HD/Applications/MAMP/htdocs/senelec/" local="3600057964" remote="3600057964" Dst="-1" /><file name="purple-dark.css" server="Mac HD/Applications/MAMP/htdocs/senelec/" local="3600057964" remote="3600057964" Dst="-1" /><file name="purple.css" server="Mac HD/Applications/MAMP/htdocs/senelec/" local="3600057964" remote="3600057964" Dst="-1" /><file name="megna.css" server="Mac HD/Applications/MAMP/htdocs/senelec/" local="3600057964" remote="3600057964" Dst="-1" /><file name="blue-dark.css" server="Mac HD/Applications/MAMP/htdocs/senelec/" local="3600057964" remote="3600057964" Dst="-1" /><file name="green.css" server="Mac HD/Applications/MAMP/htdocs/senelec/" local="3600057964" remote="3600057964" Dst="-1" /><file name="gray-dark.css" server="Mac HD/Applications/MAMP/htdocs/senelec/" local="3600057964" remote="3600057964" Dst="-1" /><file name="default.css" server="Mac HD/Applications/MAMP/htdocs/senelec/" local="3600057964" remote="3600057964" Dst="-1" /><file name="megna-dark.css" server="Mac HD/Applications/MAMP/htdocs/senelec/" local="3600057964" remote="3600057964" Dst="-1" /><file name="blue.css" server="Mac HD/Applications/MAMP/htdocs/senelec/" local="3600057985" remote="3600057985" Dst="-1" /><file name="default-dark.css" server="Mac HD/Applications/MAMP/htdocs/senelec/" local="3600057964" remote="3600057964" Dst="-1" /><file name="green-dark.css" server="Mac HD/Applications/MAMP/htdocs/senelec/" local="3600057964" remote="3600057964" Dst="-1" /><file name="gray.css" server="Mac HD/Applications/MAMP/htdocs/senelec/" local="3600057964" remote="3600057964" Dst="-1" /><file name="gray.css" server="Mac HD/Applications/MAMP/htdocs/sunusva" local="3618309319" remote="3618309319" Dst="-1" /><file name="green.css" server="Mac HD/Applications/MAMP/htdocs/sunusva" local="3618309319" remote="3618309319" Dst="-1" /><file name="red-dark.css" server="Mac HD/Applications/MAMP/htdocs/sunusva" local="3618309319" remote="3618309319" Dst="-1" /><file name="purple-dark.css" server="Mac HD/Applications/MAMP/htdocs/sunusva" local="3618309319" remote="3618309319" Dst="-1" /><file name="megna.css" server="Mac HD/Applications/MAMP/htdocs/sunusva" local="3618309319" remote="3618309319" Dst="-1" /><file name="gray-dark.css" server="Mac HD/Applications/MAMP/htdocs/sunusva" local="3618309319" remote="3618309319" Dst="-1" /><file name="green-dark.css" server="Mac HD/Applications/MAMP/htdocs/sunusva" local="3618309319" remote="3618309319" Dst="-1" /><file name="purple.css" server="Mac HD/Applications/MAMP/htdocs/sunusva" local="3618309320" remote="3618309320" Dst="-1" /><file name="megna-dark.css" server="Mac HD/Applications/MAMP/htdocs/sunusva" local="3618309319" remote="3618309319" Dst="-1" /><file name="blue.css" server="Mac HD/Applications/MAMP/htdocs/sunusva" local="3618309319" remote="3618309319" Dst="-1" /><file name="default-dark.css" server="Mac HD/Applications/MAMP/htdocs/sunusva" local="3618309319" remote="3618309319" Dst="-1" /><file name="default.css" server="Mac HD/Applications/MAMP/htdocs/sunusva" local="3618309319" remote="3618309319" Dst="-1" /><file name="blue-dark.css" server="Mac HD/Applications/MAMP/htdocs/sunusva" local="3618309319" remote="3618309319" Dst="-1" /></dwsync>